Dates;date;Entreprises;NUMBER_EMPLOYEES_CSR;AUDIT_COMMITTEE_MEETINGS;SAY_PAY_SUPPORT_LEVEL;TOT_OTHER_COMP_AW_TO_CEO_&_EQUIV;TOTAL_EXEC_PAY_AS_PCT_OPEX;TOT_SALARIES_PAID_TO_CEO_&_EQUIV;TOT_SALARIES_&_BNS_PD_TO_EXECS;TOT_N_EQTY_INCENT_GIVEN_TO_EXECS;SAY_PAY_NUMBER_OF_VOTES_FOR;TOT_EXEC_PAY_AS_PCT_SG&A_NET_R&D;TOT_OPTION_AWARDS_GIVEN_TO_EXECS;TOT_EXEC_PAY_AS_PCT_TOT_PSNL_EXP;TOT_N_EQT_INCENT_GVN_TO_CEO_&_EQ;PCT_BOD_COMP_PD_IN_STK_AWD;NUM_EXECUTIVE_CHANGES;AVERAGE_BOD_TOTAL_COMPENSATION;ESG_DISCLOSURE_SCORE;CFO_TENURE_AS_OF_FY_END;CHG_OF_CTRL_BFIT_GOLD_CHUTE_AGR;CLAWBACK_PROVISION_FOR_EXEC_COMP;GENDER_PAY_GAP_BREAKOUT;BLANK_CHECK_PREFERRED_AUTHORIZED;SP 500;yearly_return
2005-12-31;2005-12-31;IBE SM Equity;8252.0;;;;;;;;;;;;;;;;35.8491;;;;;;-30.3;28.23663
2006-12-31;2006-12-31;IBE SM Equity;8130.0;11.0;;;;;;;;;;;;;;;50.566;;;;;;13.62;48.61864
2007-12-31;2007-12-31;IBE SM Equity;26196.0;14.0;;;;;;;;;;;;;;;60.0;;;;;;3.53;29.17833
2008-12-31;2008-12-31;IBE SM Equity;30481.0;13.0;;;;;;;;;;;;;;;64.1509;;;;;;-38.49;-35.18108
2009-12-31;2009-12-31;IBE SM Equity;30964.0;12.0;;;;2250000.0;4500000.0;;;;;;;;0.0;;65.283;;;;;;23.45;9.901044
2010-12-31;2010-12-31;IBE SM Equity;31344.0;13.0;;;0.002;2250000.0;4602000.0;;;;;0.0079;;;1.0;;69.0566;;;;;;12.78;-7.956673
2011-12-31;2011-12-31;IBE SM Equity;32809.0;16.0;;;0.002;2250000.0;5500000.0;;;;;0.0079;;;0.0;;68.3019;;;;;;-30.0;-13.29655
2012-12-31;2012-12-31;IBE SM Equity;30744.0;17.0;98.166;;0.002;2250000.0;6185000.0;;3963.68;;;0.0079;;;1.0;;72.4528;;0.0;0.0;;;13.41;-5.867576
2013-12-31;2013-12-31;IBE SM Equity;30650.0;14.0;98.217;61000.0;0.1178;2817000.0;8073000.0;;3966.57;;;0.6464;;;0.0;391538.4615;68.6792;;0.0;0.0;;;29.6;19.08574
2014-12-31;2014-12-31;IBE SM Equity;29597.0;10.0;98.642;66000.0;0.1208;2817000.0;7314000.0;;4217.79;;;0.5347;;;1.0;308000.0;72.0755;;0.0;0.0;1.0;;11.39;30.09219
2015-12-31;2015-12-31;IBE SM Equity;28860.0;15.0;97.841;66000.0;0.0766;2817000.0;6155000.0;;4370.91;;;0.3572;;;0.0;311000.0;71.3208;;0.0;0.0;1.0;;-0.73;19.83563
2016-12-31;2016-12-31;IBE SM Equity;30591.0;13.0;96.738;68000.0;0.0826;2250000.0;5435000.0;;4463.57;;84000.0;0.3764;;;0.0;332642.8571;73.9623;;0.0;0.0;1.0;;9.54;-0.280894
2017-12-31;2017-12-31;IBE SM Equity;34255.0;11.0;94.174;68000.0;0.085;2250000.0;7300000.0;;4298.45;;92000.0;0.417;;0.0;1.0;56842000.0;69.8113;;0.0;0.0;1.0;;19.42;8.72978
2018-12-31;2018-12-31;IBE SM Equity;34078.0;12.0;92.579;157000.0;0.0943;2817000.0;7615000.0;;4232.82;;92000.0;0.4666;;0.0;0.0;660250.0;68.6792;;0.0;0.0;1.0;;-6.24;14.04585
2019-12-31;2019-12-31;IBE SM Equity;35374.0;12.0;91.945;72000.0;0.091;2817000.0;8340000.0;;4369.12;;92000.0;0.4406;;0.0;0.0;660250.0;70.566;;0.0;0.0;1.0;;28.88;36.74603
2005-12-31;2005-12-31;ISP IM Equity;43666.0;;;;;;;;;;;;;;;;47.807;;;;;0.0;-30.3;30.10151
2006-12-31;2006-12-31;ISP IM Equity;42727.0;;;;;;;;;;;;;;;;51.7544;;;;;0.0;13.62;36.78733
2007-12-31;2007-12-31;ISP IM Equity;95295.0;;;;0.0295;2423000.0;4298000.0;;;;;0.0554;;;2.0;;54.386;;;;;0.0;3.53;-1.398022
2008-12-31;2008-12-31;ISP IM Equity;106269.0;50.0;;0.0;0.0295;2000000.0;5745350.0;;;;;0.0554;;;1.0;;65.7895;;;;;0.0;-38.49;-48.92102
2009-12-31;2009-12-31;ISP IM Equity;101700.0;53.0;;0.0;0.0295;2000000.0;6550350.0;;;;;0.0554;;;0.0;;67.1053;;;;;0.0;23.45;24.13793
2010-12-31;2010-12-31;ISP IM Equity;100740.0;53.0;;0.0;0.0295;2000000.0;62099121.0;;;;;0.0554;;;11.0;;70.614;;;;;0.0;12.78;-33.10053
2011-12-31;2011-12-31;ISP IM Equity;97860.0;46.0;;0.0;0.0536;1323000.0;4183000.0;;;;;0.0962;;;3.0;274142.8571;70.1754;;0.0;1.0;;0.0;-30.0;-29.02363
2012-12-31;2012-12-31;ISP IM Equity;95402.0;46.0;;0.0;0.1026;2300000.0;7862000.0;;;;;0.1937;;;2.0;243600.0;72.807;4.5833;0.0;1.0;;0.0;13.41;5.573733
2013-12-31;2013-12-31;ISP IM Equity;93212.0;48.0;96.623;436000.0;0.1023;3333000.0;8608000.0;;8956.12;;;0.2477;;;5.0;285777.7778;74.1228;5.5833;0.0;1.0;;0.0;29.6;42.73576
2014-12-31;2014-12-31;ISP IM Equity;88932.0;51.0;96.623;119000.0;0.0752;1634000.0;5371000.0;;8956.12;;;0.1479;;;1.0;245250.0;76.7544;1.6667;0.0;1.0;1.0;0.0;11.39;38.05448
2015-12-31;2015-12-31;ISP IM Equity;87642.0;48.0;96.623;119000.0;0.0563;1650000.0;5135000.0;;8956.12;;;0.1142;;;0.0;253300.0;71.9298;2.6667;0.0;1.0;1.0;0.0;-0.73;30.24912
2016-12-31;2016-12-31;ISP IM Equity;95025.0;19.0;96.623;338000.0;0.0617;2412000.0;5336000.0;;8956.12;;;0.1199;;;2.0;327000.0;70.614;3.6667;0.0;1.0;1.0;0.0;9.54;-16.37396
2017-12-31;2017-12-31;ISP IM Equity;94032.0;37.0;96.623;119000.0;0.0357;2600000.0;3875000.0;;8956.12;;;0.0638;;;0.0;238277.7778;69.7368;3.6667;0.0;1.0;1.0;0.0;19.42;21.752
2018-12-31;2018-12-31;ISP IM Equity;98055.0;42.0;96.623;59000.0;0.0459;2600000.0;4216000.0;;8956.12;;;0.0852;;;0.0;245166.6667;71.0526;3.6667;0.0;1.0;1.0;0.0;-6.24;-24.8575
2019-12-31;2019-12-31;ISP IM Equity;95112.0;36.0;96.623;59000.0;0.0466;2613000.0;4507000.0;;8956.12;;;0.0878;;;0.0;316636.3636;69.2982;3.6667;0.0;1.0;1.0;0.0;28.88;33.12714
2005-12-31;2005-12-31;BAYN GR Equity;82600.0;;;;;;;;;;;;;;;;;;;;;;-30.3;54.32792
2006-12-31;2006-12-31;BAYN GR Equity;106000.0;4.0;;;;;;;;;;;;;;;39.6694;;;;;;13.62;18.48314
2007-12-31;2007-12-31;BAYN GR Equity;106200.0;4.0;;;0.079;748872.0;7754442.0;;;0.099;;0.13;;;0.0;89363.837;49.1736;;;;;;3.53;56.08268
2008-12-31;2008-12-31;BAYN GR Equity;108600.0;4.0;;;0.108;794000.0;7603000.0;;;0.134;;0.192;;;0.0;114950.0;52.0661;;;;;;-38.49;-31.70692
2009-12-31;2009-12-31;BAYN GR Equity;111000.0;4.0;;;0.095;812000.0;7598000.0;;;0.118;;0.093;;;0.0;114950.0;58.2645;;;;;;23.45;39.81601
2010-12-31;2010-12-31;BAYN GR Equity;111400.0;4.0;;;0.116;1773000.0;11485000.0;;;0.143;;0.228;;;4.0;109190.476;64.0496;1.0;;;;;12.78;1.733806
2011-12-31;2011-12-31;BAYN GR Equity;111800.0;4.0;;;0.116;1773000.0;0.0;;;0.143;;0.228;;;4.0;114950.0;64.0496;1.0;1.0;0.0;;;-30.0;-8.354805
2012-12-31;2012-12-31;BAYN GR Equity;110500.0;4.0;;;0.057;1773000.0;4668000.0;;;0.069;;0.111;;;0.0;109962.963;64.4628;3.0;1.0;0.0;;;13.41;50.02536
2013-12-31;2013-12-31;BAYN GR Equity;113200.0;4.0;;;0.109;1347000.0;8486000.0;;;0.137;;0.191;;;4.0;165450.0;64.0496;4.0;1.0;0.0;;;29.6;45.17986
2014-12-31;2014-12-31;BAYN GR Equity;118900.0;4.0;;;0.124;1363000.0;9169000.0;;;0.158;;0.214;;;5.0;156476.19;66.5289;0.25;1.0;0.0;0.0;;11.39;13.16626
2015-12-31;2015-12-31;BAYN GR Equity;116800.0;4.0;81.098;40000.0;0.095;1374000.0;8818000.0;;392.994;0.121;;0.169;;;1.0;149590.909;66.1157;1.25;1.0;0.0;0.0;;-0.73;4.204772
2016-12-31;2016-12-31;BAYN GR Equity;115200.0;4.0;81.098;146000.0;0.174;1760000.0;15448000.0;;392.994;0.23;;0.333;;;6.0;158136.364;66.9421;2.25;1.0;0.0;0.0;;9.54;-12.25139
2017-12-31;2017-12-31;BAYN GR Equity;99820.0;4.0;81.098;49000.0;0.171;1487000.0;12296000.0;;392.994;0.226;;0.334;;0.0;0.0;142423.077;65.7025;3.25;1.0;0.0;0.0;;19.42;7.474365
2018-12-31;2018-12-31;BAYN GR Equity;116998.0;4.0;81.098;46000.0;0.141;1511000.0;12763000.0;;392.994;0.182;;0.301;;0.0;6.0;185571.429;61.9835;0.583;1.0;0.0;0.0;;-6.24;-39.17129
2019-12-31;2019-12-31;BAYN GR Equity;105224.0;4.0;81.098;47000.0;0.139;1650000.0;13230000.0;;392.994;0.18;;0.277;;0.0;3.0;185600.0;67.7686;1.583;1.0;0.0;0.0;;28.88;25.85821
2005-12-31;2005-12-31;ENEL IM Equity;51778.0;;;;;;;;;;;;;;;;38.4298;;;;0.0;;-30.3;-0.8082015
2006-12-31;2006-12-31;ENEL IM Equity;43557.0;;;;;;;;;;;;;;;;38.843;;;;0.0;;13.62;28.93278
2007-12-31;2007-12-31;ENEL IM Equity;73500.0;;;1902582.3;0.0157;600000.0;2310000.0;;;;;0.1775;;;0.0;118107.1429;43.3884;;;;0.0;;3.53;10.55071
2008-12-31;2008-12-31;ENEL IM Equity;75981.0;;;2036308.24;0.0118;600000.0;2110000.0;;;;;0.1511;;;0.0;91993.4144;49.1736;;;;0.0;;-38.49;-39.5957
2009-12-31;2009-12-31;ENEL IM Equity;81208.0;;;1411614.18;0.0096;600000.0;2242426.23;;;0.0096;;0.1042;;;0.0;119107.1429;57.8512;;;;0.0;;23.45;12.78323
2010-12-31;2010-12-31;ENEL IM Equity;78313.0;13.0;;2661678.51;0.0142;600000.0;3960000.0;;;0.0142;;0.1794;;;0.0;118571.4286;64.4628;;0.0;0.0;0.0;;12.78;-1.549856
2011-12-31;2011-12-31;ENEL IM Equity;75360.0;13.0;;2661678.51;0.0089;1382582.0;4314455.0;2931873.0;;0.0089;;0.1418;2931873.0;;0.0;89733.8;67.3554;;0.0;0.0;0.0;;-30.0;-9.415385
2012-12-31;2012-12-31;ENEL IM Equity;73702.0;13.0;;0.0;0.0089;1423357.0;5298393.0;3125036.0;;0.0089;;0.12;2525036.0;;1.0;143142.8571;68.1818;;0.0;0.0;0.0;;13.41;6.894105
2013-12-31;2013-12-31;ENEL IM Equity;71394.0;13.0;;74365.0;0.0063;1424261.0;3203735.0;3125036.0;;0.0089;;0.0956;2525036.0;19.0535;0.0;275540.5;66.9421;;0.0;0.0;0.0;;29.6;7.474202
2014-12-31;2014-12-31;ENEL IM Equity;68961.0;13.0;;74365.0;0.0063;1424261.0;0.0;3125036.0;;0.0089;;0.0956;2525036.0;19.0535;0.0;143171.0;66.9421;;0.0;0.0;0.0;;11.39;19.97809
2015-12-31;2015-12-31;ENEL IM Equity;67914.0;13.0;;127050.0;0.0045;1155000.0;2541000.0;3125036.0;;0.0089;;0.0569;2525036.0;19.0535;0.0;146155.5;68.1818;;0.0;0.0;0.0;;-0.73;8.784945
2016-12-31;2016-12-31;ENEL IM Equity;62080.0;13.0;97.291;127050.0;0.0054;1155000.0;2808585.0;3125036.0;5723.24;0.0089;;0.0715;2525036.0;19.0535;0.0;156398.25;68.1818;;0.0;0.0;0.0;;9.54;11.95743
2017-12-31;2017-12-31;ENEL IM Equity;62900.0;15.0;87.66;161700.0;0.0078;1366689.0;4222401.0;3125036.0;5456.94;0.0089;;0.1117;2525036.0;19.0535;0.0;173221.0;68.595;;0.0;0.0;1.0;;19.42;27.51061
2018-12-31;2018-12-31;ENEL IM Equity;69272.0;14.0;95.894;161700.0;0.0092;1470000.0;4868094.0;3125036.0;6169.5;0.0089;;0.1316;2525036.0;19.0535;0.0;179460.625;67.3554;;1.0;0.0;1.0;;-6.24;3.084868
2019-12-31;2019-12-31;ENEL IM Equity;68253.0;12.0;97.401;161700.0;0.0084;1470000.0;5247606.0;3125036.0;6977.68;0.0089;;0.1325;2525036.0;19.0535;0.0;178639.75;65.7025;;1.0;0.0;1.0;;28.88;47.20473
2005-12-31;2005-12-31;FP FP Equity;112877.0;7.0;;;;;;;;;;;;;;;48.5477;;;;;;-30.3;36.14232
2006-12-31;2006-12-31;FP FP Equity;95070.0;6.0;;;;;;;;;;;;;;;50.2075;;;;;;13.62;7.854539
2007-12-31;2007-12-31;FP FP Equity;96442.0;6.0;;;0.0061;2343286.0;4724535.0;;;0.0062;;0.113;;;2.0;84249.2;52.6971;;;;;;3.53;7.788136
2008-12-31;2008-12-31;FP FP Equity;96959.0;7.0;;;0.0027;1250000.0;2746335.0;;;0.0027;;0.0603;;;0.0;74129.6667;48.5477;;;;;;-38.49;-28.28741
2009-12-31;2009-12-31;FP FP Equity;96387.0;6.0;;;0.0043;1310000.0;2862875.0;;;0.0044;;0.0686;;;0.0;90874.6154;53.9419;;;;;;23.45;22.10502
2010-12-31;2010-12-31;FP FP Equity;92855.0;6.0;;;0.0049;1426452.0;3534850.0;;;0.0049;;0.0955;;;1.0;75942.8462;56.8465;;;;;;12.78;-6.656702
2011-12-31;2011-12-31;FP FP Equity;96104.0;6.0;;;0.0029;1500000.0;3081670.0;;;0.0029;;0.0632;;;0.0;108263.6875;56.0166;;;;;;-30.0;5.942419
2012-12-31;2012-12-31;FP FP Equity;97126.0;8.0;99.369;;0.0024;1500000.0;3030000.0;;1423.37;0.0025;;0.0552;;;0.0;111135.8125;55.6017;;0.0;0.0;;;13.41;4.713986
2013-12-31;2013-12-31;FP FP Equity;98799.0;7.0;99.369;;0.0024;1500000.0;0.0;;1423.37;0.0025;;0.0552;;;0.0;9796.1875;60.166;;1.0;0.0;;;29.6;21.08413
2014-12-31;2014-12-31;FP FP Equity;100307.0;7.0;99.369;;0.0029;1441644.0;3428844.0;;1423.37;0.0029;;0.06;;;2.0;87107.1429;60.166;;1.0;0.0;;;11.39;0.6073886
2015-12-31;2015-12-31;FP FP Equity;96019.0;7.0;99.369;36390.0;0.0013;1200000.0;1495469.0;;1423.37;0.0013;;0.023;;;0.0;94381.7333;60.9959;;1.0;0.0;0.0;;-0.73;2.751259
2016-12-31;2016-12-31;FP FP Equity;102168.0;7.0;99.369;58945.0;0.0032;1400000.0;3214400.0;;1423.37;0.0032;;0.0474;;;0.0;95305.1333;60.9959;;1.0;0.0;0.0;;9.54;24.92896
2017-12-31;2017-12-31;FP FP Equity;98277.0;7.0;81.955;67976.0;0.0036;1400000.0;3739400.0;;1491.3;0.0036;;0.0635;;0.0;0.0;82497.1429;66.805;;1.0;0.0;1.0;;19.42;-0.3023344
2018-12-31;2018-12-31;FP FP Equity;104460.0;7.0;92.951;69232.0;0.0031;1400000.0;3800300.0;;1691.02;0.0031;;0.0573;;0.0;0.0;109348.8333;63.4855;;1.0;0.0;1.0;;-6.24;5.440937
2019-12-31;2019-12-31;FP FP Equity;107776.0;7.0;91.783;67625.0;0.0025;1400000.0;3125900.0;;1600.05;0.0025;;0.0444;;0.0;0.0;114294.6429;65.5602;;1.0;0.0;1.0;;28.88;10.80843
2005-12-31;2005-12-31;CRH ID Equity;;;;;;;;;;;;;;;;;;;;;;;-30.3;28.19906
2006-12-31;2006-12-31;CRH ID Equity;79560.0;12.0;;;;;;;;;;;;;;;40.9091;;;;;;13.62;28.80307
2007-12-31;2007-12-31;CRH ID Equity;92033.0;12.0;;;0.2072;2070000.0;5389000.0;;;;;0.2508;;;1.0;121500.0;43.8017;4.1667;;;;;3.53;-22.90005
2008-12-31;2008-12-31;CRH ID Equity;93572.0;13.0;;;0.1369;1841000.0;3712000.0;;;;;0.1667;;;3.0;138555.5556;45.0413;5.1667;;;;;-38.49;-22.85506
2009-12-31;2009-12-31;CRH ID Equity;79822.0;14.0;;;0.2304;1150000.0;4348000.0;;;0.2304;;0.2472;;;3.0;122809.0;45.8678;5.1667;;;;;23.45;23.17327
2010-12-31;2010-12-31;CRH ID Equity;76418.0;14.0;96.42;;0.1973;1150000.0;4395000.0;;419.154;0.1973;;0.2255;;;2.0;130200.0;50.4132;0.6667;0.0;0.0;;;12.78;-15.2398
2011-12-31;2011-12-31;CRH ID Equity;76433.0;9.0;96.589;;0.2315;1150000.0;4957000.0;;479.772;0.2315;;0.2632;;;0.0;123700.0;51.2397;1.6667;0.0;0.0;;;-30.0;3.557089
2012-12-31;2012-12-31;CRH ID Equity;76175.0;9.0;97.749;23000.0;0.2111;1150000.0;5052000.0;;497.461;0.2111;;0.2361;;;0.0;134777.7778;57.0248;2.6667;0.0;1.0;;;13.41;3.843771
2013-12-31;2013-12-31;CRH ID Equity;73960.0;8.0;98.112;23000.0;0.2909;1180000.0;5478000.0;;488.245;0.2909;;0.3717;;;1.0;146777.7778;59.9174;3.6667;1.0;1.0;0.0;;29.6;24.21486
2014-12-31;2014-12-31;CRH ID Equity;76000.0;10.0;94.389;39000.0;0.2554;1200000.0;7153000.0;;529.426;0.2554;;0.3068;;;1.0;139100.0;59.5041;4.6667;1.0;1.0;0.0;;11.39;12.19191
2015-12-31;2015-12-31;CRH ID Equity;89000.0;9.0;91.348;22000.0;0.282;1290000.0;7563000.0;;506.791;0.282;266000.0;0.3308;;;0.0;122666.6667;64.4628;5.6667;1.0;1.0;0.0;;-0.73;37.49809
2016-12-31;2016-12-31;CRH ID Equity;86778.0;8.0;82.31;22000.0;0.3901;2093000.0;11342000.0;;422.888;0.3901;483000.0;0.4692;;;3.0;131461.5385;64.4628;1.0;1.0;1.0;0.0;;9.54;26.49645
2017-12-31;2017-12-31;CRH ID Equity;85300.0;7.0;60.308;22000.0;0.2507;2154000.0;8451000.0;;307.393;0.2507;483000.0;0.294;;0.0;1.0;139166.6667;64.4628;2.0;1.0;1.0;0.0;;19.42;-7.226323
2018-12-31;2018-12-31;CRH ID Equity;89800.0;7.0;84.516;22000.0;0.2258;2224000.0;6888000.0;;414.527;0.2507;483000.0;0.2468;;0.0;0.0;139833.3333;64.4628;3.0;1.0;1.0;0.0;;-6.24;-20.97142
2019-12-31;2019-12-31;CRH ID Equity;80300.0;6.0;90.72;22000.0;0.2389;9311000.0;12464000.0;;487.171;0.2507;483000.0;0.2516;;0.0;0.0;156076.9231;65.2893;4.0;1.0;1.0;0.0;;28.88;58.38861
2005-12-31;2005-12-31;ENI IM Equity;72258.0;;;;;;;;;;;;;;;;41.4938;;;;;;-30.3;35.32002
2006-12-31;2006-12-31;ENI IM Equity;73572.0;;;;;;;;;;;;;;;;54.7718;;;;;;13.62;14.82658
2007-12-31;2007-12-31;ENI IM Equity;75862.0;18.0;;0.0;0.0125;1016000.0;5826000.0;;;0.0126;;0.2281;;;2.0;267600.0;60.5809;;;;;;3.53;3.146572
2008-12-31;2008-12-31;ENI IM Equity;78880.0;22.0;;0.0;0.0193;1363000.0;11416000.0;;;0.0126;;0.436;;;2.0;212333.3333;61.8257;;;;;;-38.49;-29.09059
2009-12-31;2009-12-31;ENI IM Equity;78417.0;26.0;;0.0;0.017;1017000.0;8384000.0;;;0.0171;;0.2942;;;0.0;289333.3333;65.1452;;;;;;23.45;13.71072
2010-12-31;2010-12-31;ENI IM Equity;73768.0;20.0;;0.0;0.0147;1032000.0;8777000.0;;;0.0147;;0.2555;;;2.0;317666.6667;67.2199;;;;;;12.78;-2.156799
2011-12-31;2011-12-31;ENI IM Equity;78686.0;20.0;93.918;0.0;0.0151;1000000.0;9484000.0;;2090.7;0.0152;;0.3153;;;0.0;181422.2;65.9751;;0.0;0.0;;;-30.0;5.107811
2012-12-31;2012-12-31;ENI IM Equity;77838.0;20.0;96.621;0.0;0.0107;1000000.0;8988000.0;;2135.38;0.0107;;0.2612;;;0.0;196250.0;63.0705;;0.0;0.0;;;13.41;21.98384
2013-12-31;2013-12-31;ENI IM Equity;82289.0;20.0;97.872;0.0;0.01;1430000.0;8045000.0;;2097.52;0.01;;0.2026;;;0.0;182857.1429;60.9959;;0.0;0.0;1.0;;29.6;1.265452
2014-12-31;2014-12-31;ENI IM Equity;83599.0;20.0;94.74;500000.0;0.0081;1379000.0;4771000.0;;1979.95;0.0081;;0.2735;;;2.0;83357.1429;62.2407;;0.0;0.0;1.0;;11.39;-11.90858
2015-12-31;2015-12-31;ENI IM Equity;28246.0;20.0;97.232;15000.0;0.0035;1350000.0;2420000.0;;2073.86;0.0035;;0.0867;;;0.0;144875.0;65.9751;;0.0;0.0;1.0;;-0.73;1.082509
2016-12-31;2016-12-31;ENI IM Equity;33536.0;20.0;96.935;15000.0;0.0063;1350000.0;3105000.0;;2205.98;0.0064;;0.1153;;;0.0;151500.0;63.4855;;0.0;1.0;1.0;;9.54;19.20386
2017-12-31;2017-12-31;ENI IM Equity;32934.0;20.0;80.553;15000.0;0.0071;1537000.0;3940000.0;;1938.99;0.0071;;0.1514;;;1.0;209285.7143;63.4855;;0.0;1.0;1.0;;19.42;-5.61714
2018-12-31;2018-12-31;ENI IM Equity;31701.0;20.0;96.845;17000.0;0.0105;1600000.0;5916000.0;;2265.45;0.0105;;0.2158;;;0.0;221250.0;63.4855;;0.0;1.0;1.0;;-6.24;4.764545
2019-12-31;2019-12-31;ENI IM Equity;32053.0;20.0;96.02;23000.0;0.0099;1600000.0;5671000.0;;1961.17;0.0105;;0.2015;;;1.0;207625.0;65.1452;;0.0;1.0;1.0;;28.88;6.726967
2005-12-31;2005-12-31;KER FP Equity;;;;;;;;;;;;;;;;;;;;;;;-30.3;33.25406
2006-12-31;2006-12-31;KER FP Equity;78453.0;4.0;;;;;;;;;;;;;;;42.1053;;;;;;13.62;22.38714
2007-12-31;2007-12-31;KER FP Equity;92454.0;4.0;;;0.06;999996.0;2633666.0;;;;;0.16;;;0.0;;46.89;2.08;;;;;3.53;-0.6497122
2008-12-31;2008-12-31;KER FP Equity;88025.0;4.0;;;0.08;999996.0;3297426.0;;;;;0.2;;;0.0;;57.4163;3.08;;;;;-38.49;-55.77143
2009-12-31;2009-12-31;KER FP Equity;73245.0;4.0;;;0.05;999996.0;1704593.0;;;;;0.13;;;0.0;;56.4593;3.08;;;;;23.45;90.83918
2010-12-31;2010-12-31;KER FP Equity;60066.0;6.0;;;0.14;999996.0;3968706.0;;;;;0.35;;;0.0;;59.8086;3.08;0.0;0.0;;;12.78;46.40216
2011-12-31;2011-12-31;KER FP Equity;46905.0;7.0;;;0.19;1099996.0;4422516.0;;;;;0.53;;;0.0;;58.3732;3.08;0.0;0.0;;;-30.0;-4.189342
2012-12-31;2012-12-31;KER FP Equity;33439.0;4.0;;;0.16;1099996.0;5014329.0;;;;;0.45;;;0.0;;61.7225;3.08;0.0;0.0;;;13.41;30.84895
2013-12-31;2013-12-31;KER FP Equity;35786.0;4.0;;;0.16;1099996.0;4702361.0;;;;;0.49;;;0.0;68641.09;61.7225;3.08;0.0;0.0;0.0;;29.6;13.5391
2014-12-31;2014-12-31;KER FP Equity;37441.0;4.0;;;0.17;1099996.0;4395514.0;;;;;0.51;;;1.0;60044.36;60.7656;3.08;0.0;0.0;0.0;;11.39;6.361148
2015-12-31;2015-12-31;KER FP Equity;38801.0;4.0;;;0.12;1099996.0;4857751.0;;;;;0.38;;;0.0;125604.64;60.7656;3.08;0.0;0.0;0.0;;-0.73;1.361363
2016-12-31;2016-12-31;KER FP Equity;40052.0;5.0;;17222.0;0.1;1099996.0;4152409.0;;;;;0.31;;;1.0;159535.18;59.3301;3.08;0.0;0.0;0.0;;9.54;38.75589
2017-12-31;2017-12-31;KER FP Equity;44055.0;4.0;;6476.0;0.13;1200000.0;4832846.0;;;;;0.39;;0.0;0.0;130600.36;60.2871;3.08;0.0;0.0;0.0;;19.42;87.48858
2018-12-31;2018-12-31;KER FP Equity;34795.0;4.0;;16421.0;0.63;1200000.0;33187654.0;;;;;1.96;;0.0;0.0;124208.92;61.7225;3.08;0.0;0.0;0.0;;-6.24;14.21949
2019-12-31;2019-12-31;KER FP Equity;38068.0;5.0;;5017637.0;0.52;1200000.0;23811175.0;;;;;1.62;;0.0;0.0;60222.69;63.6364;3.08;0.0;0.0;0.0;;28.88;45.36907
2005-12-31;2005-12-31;BMW GR Equity;105798.0;;;;;;;;;;;;;;;;42.1488;;;;;;-30.3;13.49369
2006-12-31;2006-12-31;BMW GR Equity;106575.0;;;;;;;;;;;;;;;;44.6281;;;;;;13.62;20.05506
2007-12-31;2007-12-31;BMW GR Equity;107539.0;;;15222.0;0.249;600000.0;14948100.0;;;0.384;;0.277;;;4.0;144126.316;45.0413;0.25;;;;;3.53;-0.8889313
2008-12-31;2008-12-31;BMW GR Equity;100041.0;;;16271.0;0.302;600000.0;10616345.0;;;0.645;;0.222;;;6.0;67042.696;50.8264;0.083;;;;;-38.49;-47.93357
2009-12-31;2009-12-31;BMW GR Equity;96230.0;5.0;;16215.0;0.283;840000.0;10361875.0;;;0.555;;0.228;;;0.0;80471.526;54.9587;1.083;0.0;0.0;;;23.45;48.95012
2010-12-31;2010-12-31;BMW GR Equity;95453.0;7.0;;17716.0;0.413;840000.0;18034938.0;;;1.333;;0.326;;;0.0;147977.905;60.3306;2.083;0.0;0.0;;;12.78;86.55014
2011-12-31;2011-12-31;BMW GR Equity;100306.0;7.0;;22455.0;0.566;1020000.0;26386409.0;;;1.791;;0.49;;;0.0;222750.9;59.0909;3.083;1.0;0.0;;;-30.0;-10.18842
2012-12-31;2012-12-31;BMW GR Equity;105876.0;6.0;;112835.0;0.535;1500000.0;30462600.0;;;1.1219999999999999;;0.473;;;5.0;203454.545;64.876;4.083;1.0;0.0;0.0;;13.41;46.05821
2013-12-31;2013-12-31;BMW GR Equity;110351.0;7.0;96.557;119232.0;0.53;1500000.0;29457600.0;;439.19;1.427;;0.449;;;3.0;207169.773;64.876;5.083;0.0;0.0;0.0;;29.6;20.92156
2014-12-31;2014-12-31;BMW GR Equity;116324.0;7.0;96.557;30152.0;0.502;1500000.0;30376336.0;;439.19;1.126;;0.424;;;2.0;223693.333;64.4628;6.083;0.0;0.0;0.0;;11.39;8.507583
2015-12-31;2015-12-31;BMW GR Equity;122244.0;7.0;96.557;33461.0;0.386;1833064.0;30245323.0;;439.19;0.91;;0.318;;;3.0;229682.227;66.1157;7.083;0.0;0.0;0.0;;-0.73;11.77352
2016-12-31;2016-12-31;BMW GR Equity;124729.0;7.0;96.557;18719.0;0.38;1500000.0;32048410.0;;439.19;0.819;;0.318;;;3.0;269686.0;66.1157;8.083;0.0;0.0;0.0;;9.54;-5.129132
2017-12-31;2017-12-31;BMW GR Equity;129932.0;7.0;78.685;21464.0;0.438;1500000.0;38929048.0;;374.821;1.063;;0.378;;;4.0;267540.19;66.1157;1.0;0.0;0.0;1.0;;19.42;1.755549
2018-12-31;2018-12-31;BMW GR Equity;134682.0;8.0;78.685;22392.0;0.287;1800000.0;18152551.0;;374.821;0.952;;0.227;;;3.0;268026.905;63.6364;2.0;0.0;0.0;1.0;;-6.24;-14.92115
2019-12-31;2019-12-31;BMW GR Equity;133778.0;7.0;78.685;138544.0;0.217;2392473.0;16356420.0;;374.821;0.516;;0.193;;;7.0;245204.0;63.6364;3.0;0.0;0.0;1.0;;28.88;8.943075
2005-12-31;2005-12-31;VOW3 GR Equity;344902.0;5.0;;;;;;;;;;;;;;;;;;;;;-30.3;38.83792
2006-12-31;2006-12-31;VOW3 GR Equity;324875.0;4.0;;;;;;;;;;;;;;;;;;;;;13.62;79.44126
2007-12-31;2007-12-31;VOW3 GR Equity;329305.0;4.0;;;0.144;1225996.0;13011810.0;;;0.232;617650.0;0.128;;;4.0;173780.88;;4.333;;;;;3.53;79.34228
2008-12-31;2008-12-31;VOW3 GR Equity;369928.0;4.0;;;0.269;1636572.0;14915433.0;;;0.385;20959950.0;0.334;;;0.0;207958.773;46.6942;5.333;0.0;0.0;;;-38.49;-61.17559
2009-12-31;2009-12-31;VOW3 GR Equity;370000.0;4.0;;;0.134;1700317.0;15733886.0;;;0.207;0.0;0.137;;;0.0;163919.957;47.5207;6.333;0.0;0.0;0.0;;23.45;79.75654
2010-12-31;2010-12-31;VOW3 GR Equity;399381.0;5.0;;;0.175;1730210.0;22699784.0;;;0.235;0.0;0.224;;;4.0;222835.833;55.7851;7.333;0.0;0.0;0.0;;12.78;89.96402
2011-12-31;2011-12-31;VOW3 GR Equity;501956.0;4.0;;;0.406;1886206.0;46578335.0;;;0.609;0.0;0.367;;;0.0;335279.545;54.9587;8.333;0.0;0.0;0.0;;-30.0;-2.960662
2012-12-31;2012-12-31;VOW3 GR Equity;549763.0;4.0;;;0.233;1916276.0;39733010.0;;;0.335;0.0;0.246;;;4.0;398977.909;57.0248;9.333;0.0;0.0;0.0;;13.41;52.35779
2013-12-31;2013-12-31;VOW3 GR Equity;572800.0;5.0;;;0.288;1907862.0;45427628.0;;;0.477;0.0;0.268;;;0.0;414236.25;64.0496;10.333;0.0;0.0;0.0;;29.6;21.43079
2014-12-31;2014-12-31;VOW3 GR Equity;592586.0;4.0;;;0.327;1617025.0;20265720.0;;;0.608;0.0;0.275;;;1.0;607472.5;64.0496;11.333;0.0;0.0;0.0;;11.39;-7.603685
2015-12-31;2015-12-31;VOW3 GR Equity;610076.0;6.0;;318005.0;0.22;2237610.0;37238111.0;;;0.318;0.0;0.266;;;9.0;26195.962;64.0496;0.25;0.0;0.0;0.0;;-0.73;-25.96249
2016-12-31;2016-12-31;VOW3 GR Equity;626715.0;6.0;80.957;178651.0;0.125;1584000.0;19847804.0;;221.035;0.183;0.0;0.146;;;2.0;245298.5;61.9835;1.25;0.0;0.0;0.0;;9.54;-0.1669288
2017-12-31;2017-12-31;VOW3 GR Equity;642292.0;5.0;80.957;192735.0;0.167;2125000.0;26634278.0;;221.035;0.25;0.0;0.171;;0.0;2.0;137642.739;64.4628;2.25;0.0;0.0;0.0;;19.42;26.61333
2018-12-31;2018-12-31;VOW3 GR Equity;664496.0;5.0;80.957;146768.0;0.161;2507497.0;24277737.0;;221.035;0.237;0.0;0.168;;0.0;8.0;216142.143;63.6364;3.25;0.0;0.0;0.0;;-6.24;-14.62376
2019-12-31;2019-12-31;VOW3 GR Equity;671205.0;6.0;80.957;87694.0;0.14;2125000.0;24293972.0;;221.035;0.211;0.0;0.139;;0.0;2.0;242143.409;63.6364;4.25;0.0;0.0;0.0;;28.88;30.98248
2005-12-31;2005-12-31;BAS GR Equity;80945.0;;;;;;;;;;;;;;;;36.7769;;;;;;-30.3;26.22189
2006-12-31;2006-12-31;BAS GR Equity;95247.0;3.0;;;;;;;;;;;;;;;51.6529;;;;;;13.62;17.76732
2007-12-31;2007-12-31;BAS GR Equity;95175.0;3.0;;;137.609;1100000.0;7811775000.0;;;162.307;;187.675;;;2.0;207058.824;53.719;4.667;;;;;3.53;41.15599
2008-12-31;2008-12-31;BAS GR Equity;96924.0;4.0;;;0.293;1100000.0;15747000.0;;;0.342;;0.43;;;7.0;25973.684;57.8512;5.667;;;;;-38.49;-42.74892
2009-12-31;2009-12-31;BAS GR Equity;104779.0;5.0;;;0.184;1100000.0;12004000.0;;;0.211;;0.29;;;0.0;88835.714;61.9835;6.667;1.0;0.0;;;23.45;67.34088
2010-12-31;2010-12-31;BAS GR Equity;109140.0;5.0;;;0.256;1100000.0;19703000.0;;;0.294;384000.0;0.359;;;0.0;216346.154;64.0496;7.667;1.0;0.0;;;12.78;42.66005
2011-12-31;2011-12-31;BAS GR Equity;111141.0;5.0;;;0.267;1467000.0;21971000.0;;;0.305;4981000.0;0.395;;;7.0;243541.667;65.7025;0.667;1.0;0.0;;;-30.0;-6.720778
2012-12-31;2012-12-31;BAS GR Equity;113262.0;5.0;;;0.234;1200000.0;20441000.0;;;0.27;3980000.0;0.34;;;2.0;243541.667;63.6364;1.667;1.0;0.0;;;13.41;37.3331
2013-12-31;2013-12-31;BAS GR Equity;112206.0;5.0;;;0.274;1200000.0;18587000.0;;;0.32;5458000.0;0.379;;;0.0;243541.667;64.876;2.667;1.0;0.0;;;29.6;12.88504
2014-12-31;2014-12-31;BAS GR Equity;113292.0;5.0;;;0.288;1300000.0;18698000.0;;;0.339;5458000.0;0.396;;;1.0;200033.333;63.2231;3.667;1.0;0.0;0.0;;11.39;-6.824629
2015-12-31;2015-12-31;BAS GR Equity;112435.0;5.0;;215000.0;0.227;1300000.0;18739000.0;;;0.263;5458000.0;0.324;;;3.0;245233.333;62.3967;4.667;1.0;0.0;0.0;;-0.73;4.385481
2016-12-31;2016-12-31;BAS GR Equity;113830.0;5.0;;68000.0;0.224;1300000.0;18177000.0;;;0.26;5458000.0;0.296;;;0.0;225961.538;62.3967;5.667;1.0;0.0;0.0;;9.54;30.04789
2017-12-31;2017-12-31;BAS GR Equity;115490.0;5.0;79.57;84000.0;0.294;1600000.0;22299000.0;;370.989;0.34;5458000.0;0.379;;;4.0;256092.308;66.9421;6.667;1.0;0.0;1.0;;19.42;7.412875
2018-12-31;2018-12-31;BAS GR Equity;122404.0;5.0;79.57;182000.0;0.315;1973000.0;13941000.0;;370.989;0.371;5458000.0;0.388;;;2.0;238307.143;65.7025;7.667;1.0;1.0;1.0;;-6.24;-31.77185
2019-12-31;2019-12-31;BAS GR Equity;117628.0;5.0;79.57;60000.0;0.236;1600000.0;13328000.0;;370.989;0.279;5458000.0;0.303;;;0.0;239014.286;63.2231;8.667;1.0;1.0;1.0;;28.88;16.6511
2005-12-31;2005-12-31;MC FP Equity;66029.0;;;;;;;;;;;;;;;;20.5742;;;;;;-30.3;35.25957
2006-12-31;2006-12-31;MC FP Equity;69612.0;;;;;;;;;;;;;;;;28.7081;;;;;;13.62;8.19628
2007-12-31;2007-12-31;MC FP Equity;78228.0;;;;0.18;1702011.0;14265736.0;;;0.18;;0.47;;;0.0;88994.94;42.1053;;;;;;3.53;5.19489
2008-12-31;2008-12-31;MC FP Equity;81640.0;;;;0.19;1679396.0;15532171.0;;;0.19;;0.47;;;0.0;72949.41;39.7129;;;;;;-38.49;-40.79229
2009-12-31;2009-12-31;MC FP Equity;83043.0;;;;0.17;1704672.0;17514780.0;;;0.17;;0.42;;;0.0;111263.81;45.4545;;;;;;23.45;68.31878
2010-12-31;2010-12-31;MC FP Equity;83542.0;4.0;;;0.14;1728399.0;17546784.0;;;0.14;;0.35;;;0.0;101377.38;46.4115;;0.0;0.0;;;12.78;60.45707
2011-12-31;2011-12-31;MC FP Equity;97559.0;4.0;;;0.14;1713101.0;21188463.0;;;0.14;;0.35;;;1.0;63517.5;52.6316;;0.0;0.0;;;-30.0;-9.441807
2012-12-31;2012-12-31;MC FP Equity;106348.0;4.0;;;0.1;1191563.0;14566559.0;;;0.1;;0.25;;;0.0;55548.93;55.0239;;0.0;0.0;;;13.41;29.78757
2013-12-31;2013-12-31;MC FP Equity;114635.0;4.0;;;0.09;1519018.0;19572549.0;;;0.09;;0.23;;;1.0;829476.29;55.0239;;0.0;0.0;;;29.6;-2.228801
2014-12-31;2014-12-31;MC FP Equity;121289.0;5.0;;;0.09;1069126.0;9408844.0;;;0.09;;0.24;;;0.0;731086.33;55.9809;;0.0;0.0;0.0;;11.39;13.13127
2015-12-31;2015-12-31;MC FP Equity;125346.0;4.0;;0.0;0.1;1145326.0;14463602.0;;;0.1;;0.26;;;2.0;610718.71;57.4163;;0.0;0.0;0.0;;-0.73;11.81807
2016-12-31;2016-12-31;MC FP Equity;134476.0;4.0;;0.0;0.06;1151629.0;8908431.0;;;0.06;;0.15;;;0.0;494064.41;57.8947;;0.0;0.0;0.0;;9.54;28.02578
2017-12-31;2017-12-31;MC FP Equity;145247.0;4.0;82.574;37807.0;0.05;1139947.0;8896749.0;;498.492;0.05;;0.14;;0.0;0.0;515177.53;57.4163;;0.0;0.0;0.0;;19.42;37.88999
2018-12-31;2018-12-31;MC FP Equity;156088.0;4.0;84.109;41359.0;0.09;1119382.0;15296229.0;;515.7090000000001;0.09;;0.22;;0.0;0.0;357924.53;59.8086;;0.0;0.0;0.0;;-6.24;7.310448
2019-12-31;2019-12-31;MC FP Equity;163309.0;4.0;82.89299999999999;41694.0;0.08;1138307.0;15530995.0;;524.368;0.08;;0.21;;0.0;0.0;66404.13;61.244;;0.0;0.0;0.0;;28.88;63.15241
2005-12-31;2005-12-31;OR FP Equity;51403.0;;;;;;;;;;;;;;;;22.7273;;;;;;-30.3;14.07598
2006-12-31;2006-12-31;OR FP Equity;60851.0;;;;;;;;;;;;;;;;26.4463;;;;;;13.62;22.52346
2007-12-31;2007-12-31;OR FP Equity;63358.0;3.0;;;0.113;2000000.0;7500000.0;;;0.12;;0.316;;;0.0;67500.0;44.2149;;;;;;3.53;30.84846
2008-12-31;2008-12-31;OR FP Equity;67662.0;4.0;;;0.066;2100000.0;4085450.0;;;0.07;;0.182;;;0.0;74642.857;47.5207;;;;;;-38.49;-35.2351
2009-12-31;2009-12-31;OR FP Equity;64643.0;4.0;;;0.091;2100000.0;6424664.0;;;0.09699999999999999;;0.261;;;0.0;76538.462;50.4132;;;;;;23.45;28.77461
2010-12-31;2010-12-31;OR FP Equity;66619.0;5.0;;;0.06;2100000.0;4677996.0;;;0.064;;0.171;;;0.0;72142.857;49.5868;;0.0;0.0;;;12.78;8.553036
2011-12-31;2011-12-31;OR FP Equity;68886.0;4.0;;;0.051;2100000.0;3990631.0;;;0.055;;0.145;;;1.0;76653.84599999999;53.71899999999999;;0.0;0.0;;;-30.0;-0.8223827
2012-12-31;2012-12-31;OR FP Equity;72637.0;4.0;;;0.042;2100000.0;3885000.0;;;0.045;;0.115;;;0.0;66812.5;56.6116;;0.0;0.0;;;13.41;32.82422
2013-12-31;2013-12-31;OR FP Equity;77452.0;4.0;;;0.043;2100000.0;3885000.0;;;0.046;;0.12;;;0.0;72916.667;50.0;;0.0;0.0;;;29.6;23.85452
2014-12-31;2014-12-31;OR FP Equity;78611.0;4.0;;;0.043;2100000.0;3937500.0;;;0.046;;0.116;;;0.0;69380.188;49.5868;;0.0;0.0;0.0;;11.39;11.31911
2015-12-31;2015-12-31;OR FP Equity;80867.0;4.0;96.14399999999999;;0.034;2200000.0;3960000.0;;429.494;0.036;;0.08800000000000001;;;0.0;77813.333;59.9174;;0.0;0.0;0.0;;-0.73;13.29171
2016-12-31;2016-12-31;OR FP Equity;89135.0;4.0;95.234;;0.032;2200000.0;3982000.0;;428.973;0.034;;0.085;;;0.0;73315.625;62.8099;;0.0;0.0;0.0;;9.54;13.83934
2017-12-31;2017-12-31;OR FP Equity;82572.0;4.0;95.805;0.0;0.033;2200000.0;4192100.0;;427.845;0.036;;0.087;;0.0;0.0;81956.25;59.0909;;0.0;0.0;0.0;;19.42;8.585871
2018-12-31;2018-12-31;OR FP Equity;85000.0;4.0;94.79;0.0;0.034;2200000.0;4238732.0;;421.24;0.036;;0.08900000000000001;;0.0;0.0;77682.05900000001;61.5702;;0.0;0.0;0.0;;-6.24;10.81554
2019-12-31;2019-12-31;OR FP Equity;87907.0;4.0;94.413;0.0;0.029;2200000.0;4245998.0;;437.585;0.031;;0.078;;0.0;0.0;83843.125;61.157;;0.0;0.0;1.0;;28.88;33.30106
2005-12-31;2005-12-31;MUV2 GR Equity;;;;;;;;;;;;;;;;;;;;;;;-30.3;29.43381
2006-12-31;2006-12-31;MUV2 GR Equity;37210.0;;;;;;;;;;;;;;;;25.0;;;;;;13.62;17.48465
2007-12-31;2007-12-31;MUV2 GR Equity;37832.0;;;;0.7490000000000001;864000.0;12260672.0;;;;;;;;3.0;101000.0;43.4211;8.0;;;;;3.53;4.917544
2008-12-31;2008-12-31;MUV2 GR Equity;44209.0;;;;0.448;885000.0;6446884.0;;;;;;;;0.0;66307.692;46.9298;9.0;;;;;-38.49;-12.64699
2009-12-31;2009-12-31;MUV2 GR Equity;47249.0;;;;0.369;910000.0;11215153.0;;;;;;;;1.0;68977.168;54.386;10.0;;;;;23.45;3.486533
2010-12-31;2010-12-31;MUV2 GR Equity;46915.0;5.0;;;0.205;1092000.0;11199530.0;;;;;;;;0.0;85777.778;53.0702;11.0;;;;0.0;12.78;9.936389
2011-12-31;2011-12-31;MUV2 GR Equity;47206.0;7.0;;;0.202;1140000.0;9467497.0;;;;;;;;0.0;77253.424;54.8246;12.0;0.0;0.0;;0.0;-30.0;-11.7098
2012-12-31;2012-12-31;MUV2 GR Equity;45437.0;6.0;95.413;;0.215;1200000.0;12940950.0;;52.669;;;;;;0.0;111200.0;58.7719;13.0;0.0;0.0;;0.0;13.41;51.60615
2013-12-31;2013-12-31;MUV2 GR Equity;44665.0;9.0;92.434;;0.426;1200000.0;11406647.0;;67.8;;;;;;2.0;116026.987;59.2105;14.0;0.0;0.0;;0.0;29.6;23.2527
2014-12-31;2014-12-31;MUV2 GR Equity;43316.0;6.0;90.191;;0.363;1230000.0;10992248.0;;67.278;;;;;;3.0;93857.14300000001;61.8421;15.0;0.0;0.0;0.0;0.0;11.39;8.229306
2015-12-31;2015-12-31;MUV2 GR Equity;43554.0;6.0;84.75299999999999;33564.0;0.398;1230000.0;11236506.0;;43.902;;;;;;1.0;128200.0;61.4035;16.0;0.0;0.0;0.0;0.0;-0.73;16.09924
2016-12-31;2016-12-31;MUV2 GR Equity;43428.0;6.0;34.294;35783.0;0.343;1260000.0;12691559.0;;20.684;;;;;;0.0;121916.667;53.9474;17.0;0.0;0.0;0.0;0.0;9.54;2.176327
2017-12-31;2017-12-31;MUV2 GR Equity;42410.0;6.0;92.029;139918.0;0.468;1465000.0;11836875.0;;59.86199999999999;;;;;;4.0;121428.571;53.9474;18.0;1.0;1.0;0.0;0.0;19.42;5.482566
2018-12-31;2018-12-31;MUV2 GR Equity;41410.0;9.0;92.029;39201.0;0.584;2225000.0;15085000.0;;59.86199999999999;;;;;;1.0;124500.0;60.9649;19.0;1.0;1.0;0.0;0.0;-6.24;10.19735
2019-12-31;2019-12-31;MUV2 GR Equity;39662.0;6.0;92.029;40963.0;0.416;2225000.0;16093582.0;;59.86199999999999;;;;;;2.0;108803.5;60.9649;1.0;1.0;1.0;0.0;0.0;28.88;44.00978
2005-12-31;2005-12-31;ALV GR Equity;;;;;;;;;;;;;;;;;;;;;;;-30.3;33.5291
2006-12-31;2006-12-31;ALV GR Equity;172065.0;5.0;;;;;;;;;;;;;;;35.5263;;;;;;13.62;23.0329
2007-12-31;2007-12-31;ALV GR Equity;181207.0;6.0;;;0.617;1050000.0;22555000.0;;;;3724000.0;;;;1.0;122946.538;41.2281;1.25;;;;;3.53;-2.343159
2008-12-31;2008-12-31;ALV GR Equity;182865.0;5.0;;;1.176;1200000.0;15485000.0;;;;2932000.0;;;;1.0;90000.0;46.4912;2.25;;;;;-38.49;-47.00097
2009-12-31;2009-12-31;ALV GR Equity;136963.0;6.0;;;1.607;1200000.0;19978000.0;;;;3666000.0;;;;4.0;121663.636;51.3158;0.333;;;;;23.45;22.03417
2010-12-31;2010-12-31;ALV GR Equity;151338.0;5.0;;;1.544;1200000.0;15976000.0;;;;3666000.0;;;;2.0;121916.667;53.5088;1.333;;;;;12.78;7.341684
2011-12-31;2011-12-31;ALV GR Equity;141938.0;5.0;;;1.309;1200000.0;14141000.0;;;;3666000.0;;;;5.0;173472.727;57.4561;2.333;0.0;0.0;;;-30.0;-13.19517
2012-12-31;2012-12-31;ALV GR Equity;144094.0;5.0;;;1.586;1280000.0;19041000.0;;;;3666000.0;;;;6.0;122758.824;57.0175;3.333;0.0;0.0;;;13.41;49.767
2013-12-31;2013-12-31;ALV GR Equity;142743.0;5.0;;;1.735;1280000.0;19391000.0;;;;430000.0;;;;2.0;168141.667;57.0175;1.0;0.0;0.0;;;29.6;29.16157
2014-12-31;2014-12-31;ALV GR Equity;147425.0;5.0;;;1.043;1280000.0;19387000.0;;;;430000.0;;;;1.0;156561.538;59.6491;2.0;1.0;1.0;0.0;;11.39;9.981733
2015-12-31;2015-12-31;ALV GR Equity;142459.0;5.0;;27000.0;0.889;1441000.0;16003000.0;;;;430000.0;;;;7.0;155415.385;58.3333;3.0;1.0;1.0;0.0;;-0.73;24.57183
2016-12-31;2016-12-31;ALV GR Equity;140253.0;7.0;;30000.0;0.8370000000000001;1125000.0;14252000.0;;;;430000.0;;;;3.0;144621.429;57.0175;4.0;1.0;1.0;0.0;;9.54;1.007298
2017-12-31;2017-12-31;ALV GR Equity;140553.0;5.0;;32000.0;0.7829999999999999;1125000.0;14250000.0;;;;430000.0;;;0.0;3.0;136187.5;57.0175;5.0;1.0;1.0;0.0;;19.42;27.31922
2018-12-31;2018-12-31;ALV GR Equity;142460.0;5.0;;17000.0;0.8370000000000001;1313000.0;15754000.0;;;;430000.0;;;0.0;3.0;191714.286;59.2105;1.0;1.0;1.0;0.0;;-6.24;-4.734756
2019-12-31;2019-12-31;ALV GR Equity;147268.0;5.0;;20000.0;0.973;1706000.0;19220000.0;;;;430000.0;;;0.0;1.0;223750.0;60.5263;2.0;1.0;1.0;1.0;;28.88;30.33146
2005-12-31;2005-12-31;SAN FP Equity;97181.0;8.0;;;;;;;;;;;;;;;43.8017;;;;;;-30.3;27.9248
2006-12-31;2006-12-31;SAN FP Equity;100289.0;7.0;;;;;;;;;;;;;;;50.0;;;;;;13.62;-3.487056
2007-12-31;2007-12-31;SAN FP Equity;99495.0;7.0;;;0.0235;1355036.0;2660182.0;;;0.0332;;0.0527;;;1.0;414770.8125;53.71899999999999;;;;;;3.53;-7.634487
2008-12-31;2008-12-31;SAN FP Equity;98213.0;7.0;;;0.0219;100000.0;2310000.0;;;0.031;;0.0503;;;1.0;383577.6667;54.1322;;;;;;-38.49;-24.76953
2009-12-31;2009-12-31;SAN FP Equity;104867.0;8.0;;0.0;0.0462;1200000.0;3475000.0;0.0;;0.0628;1237500.0;0.1103;0.0;;0.0;358099.7333;56.6116;;;;;;23.45;27.95698
2010-12-31;2010-12-31;SAN FP Equity;101575.0;7.0;;0.0;0.0291;1200000.0;4039748.0;0.0;;0.0386;2499750.0;0.0728;0.0;0.0;0.0;367593.8536;57.0248;;0.0;0.0;;;12.78;-8.701032
2011-12-31;2011-12-31;SAN FP Equity;113719.0;7.0;;0.0;0.0323;1200000.0;4300000.0;0.0;;0.0435;0.0;0.07200000000000001;0.0;0.0;1.0;388598.3077;60.7438;;0.0;0.0;;;-30.0;24.11709
2012-12-31;2012-12-31;SAN FP Equity;111974.0;8.0;;0.0;0.0239;1250000.0;3530000.0;0.0;;0.0323;0.0;0.0547;0.0;0.0;0.0;375961.3571;59.0909;;0.0;0.0;;;13.41;31.78663
2013-12-31;2013-12-31;SAN FP Equity;112128.0;8.0;;3976.0;0.0262;1260000.0;3528000.0;0.0;;0.0357;0.0;0.0576;0.0;0.0;0.0;379298.8571;58.6777;;0.0;0.0;;;29.6;11.62765
2014-12-31;2014-12-31;SAN FP Equity;113496.0;6.0;;3424.0;0.0287;1740870.0;3441870.0;0.0;;0.0405;0.0;0.0557;0.0;0.0;2.0;360174.9375;62.8099;;0.0;0.0;;;11.39;1.681331
2015-12-31;2015-12-31;SAN FP Equity;115631.0;6.0;;2008351.0;0.0217;1595455.0;1595455.0;0.0;;0.0299;0.0;0.046;0.0;0.0;2.0;385324.9286;59.9174;;0.0;0.0;0.0;;-0.73;7.215104
2016-12-31;2016-12-31;SAN FP Equity;113816.0;7.0;;2000313.0;0.0291;1200000.0;2691300.0;0.0;;0.04099999999999999;0.0;0.0601;0.0;0.0;0.0;147240.0;61.9835;;0.0;0.0;0.0;;9.54;1.909066
2017-12-31;2017-12-31;SAN FP Equity;106566.0;7.0;88.794;318.0;0.0187;1200000.0;3154800.0;0.0;829.447;0.0263;0.0;0.0393;0.0;0.0;0.0;101089.2857;60.7438;;0.0;0.0;0.0;;19.42;-3.519458
2018-12-31;2018-12-31;SAN FP Equity;104226.0;6.0;86.6;322.0;0.0176;1200000.0;2992800.0;0.0;827.3510000000001;0.025;0.0;0.0393;0.0;0.0;0.0;108600.0;62.8099;;0.0;0.0;1.0;;-6.24;10.30848
2019-12-31;2019-12-31;SAN FP Equity;100409.0;6.0;91.552;77722.0;0.0152;1233333.0;3089133.0;0.0;853.823;0.0204;0.0;0.0388;0.0;0.0;2.0;122833.3333;59.5041;;0.0;0.0;1.0;;28.88;23.4066
2005-12-31;2005-12-31;SU FP Equity;88670.0;4.0;;;;;;;;;;;;;;;29.7521;;;;;;-30.3;51.87316
2006-12-31;2006-12-31;SU FP Equity;105000.0;4.0;;;;;;;;;;;;;;;39.2562;;;;;;13.62;14.37973
2007-12-31;2007-12-31;SU FP Equity;119340.0;4.0;;;0.0767;700000.0;2528991.0;;;0.0844;;0.0759;;;0.0;48970.8333;39.2562;;;;;;3.53;14.61462
2008-12-31;2008-12-31;SU FP Equity;126481.0;4.0;;;0.0857;765000.0;2807527.0;;;0.0935;;0.0845;;;0.0;52273.0769;41.7355;;;;;;-38.49;-40.43604
2009-12-31;2009-12-31;SU FP Equity;104853.0;4.0;;;0.0795;765000.0;2543789.0;;;0.087;;0.0845;;;2.0;57420.8333;55.7851;0.5;;;;;23.45;63.89017
2010-12-31;2010-12-31;SU FP Equity;118819.0;5.0;;;0.0744;850000.0;2813500.0;;;0.0817;;0.0794;;;0.0;57420.8333;65.2893;0.5;;;;;12.78;40.44606
2011-12-31;2011-12-31;SU FP Equity;140489.0;6.0;;;0.0896;900000.0;3578450.0;;;0.104;;0.0918;;;0.0;52500.0;69.0083;0.5;0.0;0.0;;;-30.0;-25.40863
2012-12-31;2012-12-31;SU FP Equity;152384.0;5.0;;;0.0648;900000.0;3114050.0;;;0.0743;;0.067;;;0.0;53736.6667;59.5041;0.5;0.0;0.0;;;13.41;39.99182
2013-12-31;2013-12-31;SU FP Equity;163033.0;8.0;;;0.085;934028.0;3658428.0;;;0.1056;;0.0805;;;1.0;82857.1429;62.3967;0.75;1.0;0.0;;;29.6;19.43429
2014-12-31;2014-12-31;SU FP Equity;185965.0;5.0;;0.0;0.0744;950000.0;3638272.0;;;0.0867;;0.0774;;2.306;0.0;84501.0;59.9174;1.75;1.0;0.0;;;11.39;-1.772035
2015-12-31;2015-12-31;SU FP Equity;181361.0;5.0;;0.0;0.103;950000.0;7052000.0;;;0.1174;;0.1133;;2.306;0.0;133213.6875;59.0909;2.75;1.0;0.0;0.0;;-0.73;-10.79062
2016-12-31;2016-12-31;SU FP Equity;161768.0;5.0;91.876;2829694.0;0.1508;950000.0;3935960.0;;359.203;0.186;;0.1537;;2.306;0.0;136151.8235;61.9835;3.75;1.0;0.0;0.0;;9.54;30.46461
2017-12-31;2017-12-31;SU FP Equity;153124.0;5.0;88.676;13089.0;0.1777;950000.0;4359160.0;;365.436;0.2188;;0.1798;;2.306;0.0;120017.0;61.9835;4.75;1.0;0.0;0.0;;19.42;10.2725
2018-12-31;2018-12-31;SU FP Equity;152058.0;5.0;86.522;3289026.0;0.1596;1000000.0;3726493.5979;;333.086;0.1984;;0.1689;;2.306;0.0;124751.5625;63.2231;5.75;1.0;0.0;1.0;;-6.24;-13.19369
2019-12-31;2019-12-31;SU FP Equity;146406.0;5.0;89.238;5501056.0;0.1992;1000000.0;4295580.0;;360.83;0.2449;;0.1993;;2.306;0.0;121017.6429;59.0909;6.75;1.0;0.0;1.0;;28.88;57.98648
2005-12-31;2005-12-31;PHIA NA Equity;;;;;;;;;;;;;;;;;;;;;;;-30.3;37.13755
2006-12-31;2006-12-31;PHIA NA Equity;;;;;;;;;;;;;;;;;;;;;;;13.62;10.55515
2007-12-31;2007-12-31;PHIA NA Equity;123801.0;10.0;;;;1087500.0;7153617.0;;;;;;;;1.0;;;2.5833;;;;;3.53;5.493585
2008-12-31;2008-12-31;PHIA NA Equity;121398.0;9.0;;324346.0;;1100000.0;5848904.0;;;;1802470.0;;;;2.0;77386.3636;37.6033;3.5833;;;;;-38.49;-51.7885
2009-12-31;2009-12-31;PHIA NA Equity;115924.0;4.0;;329117.0;;1100000.0;5160720.0;;;;1637948.0;;;;0.0;72318.1818;49.5868;4.5833;;;;;23.45;59.09337
2010-12-31;2010-12-31;PHIA NA Equity;119001.0;5.0;;321778.0;;1100000.0;7173549.0;0.0;;;1500079.0;;0.0;0.0;2.0;86333.3333;55.7851;5.5833;;;;;12.78;14.06566
2011-12-31;2011-12-31;PHIA NA Equity;121888.0;5.0;;145388.0;;1100000.0;4455495.0;0.0;;;1839376.0;;0.0;0.0;7.0;88250.0;64.876;0.8333;0.0;1.0;;1.0;-30.0;-26.58358
2012-12-31;2012-12-31;PHIA NA Equity;118087.0;5.0;;47154.0;0.1089;1100000.0;5070993.0;0.0;;0.1383;346285.0;0.1403;0.0;0.0;1.0;88833.3333;64.4628;1.8333;0.0;1.0;;1.0;13.41;28.65966
2013-12-31;2013-12-31;PHIA NA Equity;116681.0;4.0;;75906.0;0.1909;1100000.0;4515978.0;0.0;;0.2442;1121522.0;0.2497;0.0;0.0;3.0;93375.0;50.8264;2.8333;0.0;1.0;;1.0;29.6;38.83991
2014-12-31;2014-12-31;PHIA NA Equity;113678.0;4.0;;86554.0;0.083;1137500.0;2389030.0;0.0;;0.1051;170258.0;0.1063;0.0;0.0;0.0;90740.8889;53.71899999999999;2.8333;1.0;1.0;0.0;1.0;11.39;-6.144102
2015-12-31;2015-12-31;PHIA NA Equity;112959.0;5.0;;78035.0;0.1;1168750.0;2993282.0;0.0;;0.1308;29758.0;0.1179;0.0;0.0;0.0;122875.0;54.5455;2.8333;1.0;1.0;0.0;1.0;-0.73;0.7071093
2016-12-31;2016-12-31;PHIA NA Equity;114731.0;6.0;;126703.0;0.1518;1197500.0;5064044.0;0.0;;0.2044;29758.0;0.186;0.0;0.0;1.0;135904.8571;53.71899999999999;1.0833;1.0;1.0;0.0;1.0;9.54;27.45391
2017-12-31;2017-12-31;PHIA NA Equity;73951.0;5.0;;84053.0;0.1259;1205000.0;3876893.0;0.0;;0.1699;29758.0;0.1474;0.0;0.0;0.0;135785.7143;57.0248;2.0833;1.0;1.0;0.0;1.0;19.42;11.45944
2018-12-31;2018-12-31;PHIA NA Equity;77400.0;5.0;;39042.0;0.168;1205000.0;5668897.0;923214.0;;0.2252;29758.0;0.1996;537181.0;0.0;0.0;120930.5556;59.0909;3.0833;1.0;1.0;0.0;1.0;-6.24;0.2896656
2019-12-31;2019-12-31;PHIA NA Equity;80495.0;5.0;;52713.0;0.1473;1295000.0;5541283.0;960076.0;;0.1978;29758.0;0.1725;559052.0;0.0;0.0;150761.8571;58.6777;4.0833;1.0;1.0;0.0;1.0;28.88;44.05025
2005-12-31;2005-12-31;DAI GR Equity;;;;;;;;;;;;;;;;;;;;;;;-30.3;27.92307
2006-12-31;2006-12-31;DAI GR Equity;360385.0;8.0;;;;;;;;;;;;;;;51.2397;;;;;0.0;13.62;12.49562
2007-12-31;2007-12-31;DAI GR Equity;272382.0;8.0;;;0.204;1500000.0;19017000.0;;;0.251;;0.169;;;5.0;103653.25;57.0248;3.083;;;;0.0;3.53;44.30014
2008-12-31;2008-12-31;DAI GR Equity;273216.0;6.0;;;0.14;1530000.0;6317890.0;;;0.174;;0.144;;;1.0;127726.381;61.9835;4.083;;;;0.0;-38.49;-58.09681
2009-12-31;2009-12-31;DAI GR Equity;256407.0;7.0;;;0.099;1530000.0;5282000.0;;;0.14;;0.101;;;2.0;123738.19;65.2893;5.083;;;;0.0;23.45;42.87405
2010-12-31;2010-12-31;DAI GR Equity;260100.0;7.0;;;0.201;1530000.0;17831000.0;;;0.285;;0.201;;;1.0;127341.571;67.3554;6.082999999999999;;;;0.0;12.78;36.26108
2011-12-31;2011-12-31;DAI GR Equity;271370.0;7.0;;;0.214;2008000.0;19282000.0;;;0.31;;0.224;;;1.0;141199.714;72.314;7.082999999999999;0.0;0.0;;0.0;-30.0;-30.66151
2012-12-31;2012-12-31;DAI GR Equity;275087.0;6.0;;;0.185;2008000.0;15834000.0;;;0.264;;0.195;;;1.0;141562.571;66.5289;8.083;0.0;0.0;;0.0;13.41;28.10037
2013-12-31;2013-12-31;DAI GR Equity;274616.0;6.0;;;0.213;2008000.0;13882000.0;;;0.301;;0.214;;;2.0;119093.36;66.5289;9.083;0.0;0.0;;0.0;29.6;60.3571
2014-12-31;2014-12-31;DAI GR Equity;279972.0;6.0;;;0.184;2008000.0;13412000.0;;;0.255;;0.193;;;2.0;148454.792;63.2231;10.083;0.0;0.0;0.0;0.0;11.39;13.34521
2015-12-31;2015-12-31;DAI GR Equity;284015.0;6.0;;148000.0;0.173;2008000.0;11500000.0;;;0.253;;0.172;;;1.0;167547.19;58.6777;11.083;0.0;0.0;0.0;0.0;-0.73;15.62236
2016-12-31;2016-12-31;DAI GR Equity;282488.0;6.0;;618000.0;0.153;2008000.0;15335000.0;;;0.233;;0.161;;;2.0;168007.952;58.6777;12.083;0.0;0.0;0.0;0.0;9.54;-3.862875
2017-12-31;2017-12-31;DAI GR Equity;290000.0;6.0;;167000.0;0.14;2008000.0;15566000.0;;;0.222;;0.15;;0.0;4.0;200399.896;57.8512;13.083;0.0;0.0;0.0;0.0;19.42;4.788683
2018-12-31;2018-12-31;DAI GR Equity;298000.0;6.0;97.868;195000.0;0.142;2048000.0;16012000.0;;549.9540000000001;0.222;;0.159;;0.0;0.0;183520.957;57.8512;14.083;0.0;0.0;0.0;0.0;-6.24;-31.51857
2019-12-31;2019-12-31;DAI GR Equity;298655.0;6.0;97.868;155000.0;0.129;2144000.0;15659000.0;;549.9540000000001;0.197;;0.158;;0.0;5.0;232100.8;57.8512;0.667;0.0;0.0;0.0;0.0;28.88;14.88805
2005-12-31;2005-12-31;INGA NA Equity;;;;;;;;;;;;;;;;;;;;;;;-30.3;38.33494
2006-12-31;2006-12-31;INGA NA Equity;119801.0;;;;;;;;;;;;;;;;;;;;;;13.62;19.07013
2007-12-31;2007-12-31;INGA NA Equity;124634.0;;;;0.031;1923000.0;14527000.0;;;;;0.2411;;;2.0;51769.2308;;1.9167;;;;;3.53;-16.90496
2008-12-31;2008-12-31;INGA NA Equity;124661.0;5.0;;;0.014;2018000.0;6173000.0;;;;;0.1036;;;0.0;65733.3333;49.1228;2.9167;;;;;-38.49;-70.69017
2009-12-31;2009-12-31;INGA NA Equity;107173.0;7.0;;;0.0273;1572000.0;3926000.0;;;;;0.0571;;;6.0;66352.9412;51.7544;0.75;;;;;23.45;22.58939
2010-12-31;2010-12-31;INGA NA Equity;107106.0;5.0;;;0.0273;1353000.0;3821000.0;;;;;0.0571;;;0.0;72142.8571;56.1404;1.75;;;;;12.78;5.507246
2011-12-31;2011-12-31;INGA NA Equity;104419.0;5.0;;;0.0273;1353000.0;2666000.0;;;;;0.0571;;;1.0;68916.6667;57.8947;2.75;0.0;1.0;;;-30.0;-23.62637
2012-12-31;2012-12-31;INGA NA Equity;84718.0;5.0;;;0.0273;1353000.0;2572000.0;;;;;0.0571;;;1.0;67166.6667;49.1228;3.75;0.0;1.0;;;13.41;26.9964
2013-12-31;2013-12-31;INGA NA Equity;55194.0;5.0;;29000.0;0.0463;1809000.0;3309000.0;;;;;0.0831;;;2.0;61533.3333;53.0702;4.75;0.0;1.0;;;29.6;43.03923
2014-12-31;2014-12-31;INGA NA Equity;55192.0;5.0;98.82700000000001;45000.0;0.0472;1270000.0;2814000.0;;3805.24;;;0.0837;;;0.0;86571.4286;51.7544;5.75;0.0;1.0;;;11.39;7.227723
2015-12-31;2015-12-31;INGA NA Equity;54873.0;5.0;99.53;473000.0;0.0706;1630000.0;4625000.0;;3845.66;;;0.1323;;;0.0;93857.1429;53.0702;6.75;0.0;1.0;0.0;;-0.73;17.82372
2016-12-31;2016-12-31;INGA NA Equity;54737.0;6.0;99.53;553000.0;0.0649;1663000.0;4821000.0;;3845.66;;;0.1367;;;0.0;120875.0;54.386;7.75;0.0;1.0;0.0;;9.54;13.98781
2017-12-31;2017-12-31;INGA NA Equity;54302.0;5.0;99.53;624000.0;0.0767;1713000.0;4964000.0;;3845.66;;;0.145;;0.0;4.0;108375.0;55.7018;0.6667;0.0;1.0;0.0;;19.42;19.55866
2018-12-31;2018-12-31;INGA NA Equity;54804.0;5.0;99.53;561000.0;0.0616;1750000.0;4157200.0;;3845.66;;;0.1215;;0.0;0.0;102555.5556;58.3333;1.6667;1.0;1.0;0.0;;-6.24;-35.5064
2019-12-31;2019-12-31;INGA NA Equity;56196.0;5.0;93.425;561000.0;0.0474;1750000.0;3784700.0;;2143.97;;;0.0853;;0.0;1.0;119166.6667;57.0175;0.9167;1.0;1.0;0.0;;28.88;21.19165
2005-12-31;2005-12-31;RI FP Equity;17602.0;6.0;;;;;;;;;;;;;;;46.6942;;0.0;0.0;;;-30.3;34.16022
2006-12-31;2006-12-31;RI FP Equity;17684.0;7.0;;;;;;;;;;;;;;;49.1736;;1.0;0.0;;;13.62;19.93867
2007-12-31;2007-12-31;RI FP Equity;17625.0;6.0;;;0.2391;1055000.0;4144070.0;;;;;0.6839;;;0.0;207718.7273;50.8264;;1.0;0.0;;;3.53;10.79485
2008-12-31;2008-12-31;RI FP Equity;18975.0;5.0;;;0.267;1100000.0;4213451.0;;;;;0.802;;;0.0;59604.0;50.8264;;1.0;0.0;;;-38.49;-31.3292
2009-12-31;2009-12-31;RI FP Equity;18177.0;4.0;;;0.2302;1366139.0;4039590.0;;;;;0.7179;;;2.0;49446.4286;54.5455;;1.0;0.0;;;23.45;23.67851
2010-12-31;2010-12-31;RI FP Equity;17926.0;4.0;;;0.1437;970000.0;2730279.0;;;;;0.4602;;;0.0;42528.0;56.6116;;0.0;0.0;0.0;;12.78;19.97762
2011-12-31;2011-12-31;RI FP Equity;18308.0;4.0;;;0.1555;1000000.0;3071867.0;;;;;0.3944;;;0.0;56840.3333;57.8512;;0.0;0.0;0.0;;-30.0;4.052395
2012-12-31;2012-12-31;RI FP Equity;18608.0;4.0;;;0.1484;1035000.0;3542434.0;;;;;0.3849;;;0.0;58804.4615;57.8512;;0.0;0.0;0.0;;13.41;24.33176
2013-12-31;2013-12-31;RI FP Equity;18596.0;4.0;;;0.1409;1100000.0;3420698.0;;;;;0.3646;;;2.0;54961.6154;58.6777;;0.0;0.0;0.0;;29.6;-3.504194
2014-12-31;2014-12-31;RI FP Equity;18421.0;4.0;;;0.1349;1127500.0;3210591.0;;;;;0.3539;;;0.0;64458.3333;59.5041;;0.0;0.0;0.0;;11.39;13.46144
2015-12-31;2015-12-31;RI FP Equity;18237.0;5.0;;6873.0;0.1002;1532696.0;3337893.0;;;;;0.2917;;;2.0;56201.3333;57.438;;0.0;0.0;0.0;;-0.73;16.00283
2016-12-31;2016-12-31;RI FP Equity;18442.0;4.0;;3260.0;0.0621;950000.0;1833649.0;;;;;0.1553;;;0.0;64724.3846;62.8099;;0.0;0.0;1.0;;9.54;-0.250005
2017-12-31;2017-12-31;RI FP Equity;18914.0;4.0;;4110.0;0.0599;950000.0;1863900.0;;;;;0.1575;;0.0;0.0;63823.6923;64.0496;;0.0;0.0;1.0;;19.42;30.28929
2018-12-31;2018-12-31;RI FP Equity;19140.0;4.0;;6355.0;0.0868;950000.0;2193075.0;0.0;;;0.0;0.1939;0.0;0.0;0.0;72708.3333;58.2645;;0.0;0.0;1.0;;-6.24;10.45006
2019-12-31;2019-12-31;RI FP Equity;18776.0;4.0;;7417.0;0.0903;1100000.0;2634155.0;0.0;;;0.0;0.216;0.0;0.0;0.0;75241.0;56.6116;;0.0;0.0;1.0;;28.88;13.36217
2005-12-31;2005-12-31;SIE GR Equity;427000.0;;;;;;;;;;;;;;;;47.5207;;;;;;-30.3;18.42954
2006-12-31;2006-12-31;SIE GR Equity;398200.0;7.0;;;;;;;;;;;;;;;48.3471;;;;;;13.62;6.204429
2007-12-31;2007-12-31;SIE GR Equity;427000.0;8.0;;6774.0;0.223;2199320.0;20682204.0;;;0.286;;0.154;;;5.0;142382.318;50.8264;1.417;;;;;3.53;46.13729
2008-12-31;2008-12-31;SIE GR Equity;405000.0;6.0;;1300774.0;0.178;1980000.0;13850307.0;;;0.222;;0.132;;;11.0;135366.684;53.3058;2.417;;;;;-38.49;-50.49792
2009-12-31;2009-12-31;SIE GR Equity;405100.0;6.0;;86470.0;0.146;1980000.0;15644392.0;;;0.195;;0.091;;;3.0;135976.19;50.4132;3.417;;;;;23.45;26.08443
2010-12-31;2010-12-31;SIE GR Equity;360000.0;8.0;;77732.0;0.276;2175000.0;20797310.0;;;0.363;;0.186;;2.365;3.0;190898.5;52.4793;4.417;1.0;0.0;;;12.78;47.82541
2011-12-31;2011-12-31;SIE GR Equity;370000.0;8.0;;29594.0;0.343;2000000.0;16491270.0;;;0.469;;0.215;;2.365;5.0;219166.65;51.2397;5.417000000000001;1.0;0.0;;;-30.0;-17.95791
2012-12-31;2012-12-31;SIE GR Equity;367000.0;6.0;;30720.0;0.296;2000000.0;15394345.0;;;0.406;;0.186;;2.365;0.0;211772.476;52.8926;6.417000000000001;1.0;0.0;;;13.41;15.68182
2013-12-31;2013-12-31;SIE GR Equity;357000.0;6.0;;30720.0;0.318;2780417.0;15259245.0;;;0.391;;0.193;;2.365;5.0;184205.292;52.0661;0.083;1.0;0.0;;;29.6;29.27907
2014-12-31;2014-12-31;SIE GR Equity;348000.0;6.0;;95184.0;0.271;1845000.0;12349466.0;;;0.336;;0.162;;2.365;5.0;233326.909;51.2397;1.083;1.0;0.0;0.0;;11.39;-2.572597
2015-12-31;2015-12-31;SIE GR Equity;351000.0;6.0;;102000.0;0.198;1878000.0;15782000.0;;;0.273;;0.119;;2.365;3.0;243332.4;49.1736;2.083;1.0;0.0;0.0;;-0.73;-0.7576197
2016-12-31;2016-12-31;SIE GR Equity;372000.0;6.0;;102000.0;0.203;2034000.0;16476000.0;;;0.282;;0.121;;2.365;0.0;257545.25;51.6529;3.083;1.0;0.0;0.0;;9.54;35.16637
2017-12-31;2017-12-31;SIE GR Equity;379000.0;6.0;;104000.0;0.243;2130000.0;18000000.0;;;0.341;;0.149;;2.365;4.0;258829.8;55.3719;4.083;1.0;1.0;0.0;;19.42;2.446518
2018-12-31;2018-12-31;SIE GR Equity;385000.0;6.0;;115000.0;0.22;2162000.0;19444000.0;;;0.311;;0.138;;2.365;0.0;205987.231;56.6116;5.083;1.0;1.0;0.0;;-6.24;-13.49878
2019-12-31;2019-12-31;SIE GR Equity;385000.0;6.0;;114000.0;0.216;2205000.0;19838000.0;;;0.305;;0.135;;2.365;2.0;245029.095;56.6116;6.082999999999999;1.0;1.0;0.0;;28.88;24.41019
2005-12-31;2005-12-31;KNEBV FH Equity;;;;;;;;;;;;;;;;;;;;;;;-30.3;
2006-12-31;2006-12-31;KNEBV FH Equity;;;;;;;;;;;;;;;;;;;;;;;13.62;31.75504
2007-12-31;2007-12-31;KNEBV FH Equity;32544.0;3.0;;;0.0499;749700.0;749700.0;;;0.0511;;;;;0.0;95214.2857;20.2479;;;;;;3.53;14.24848
2008-12-31;2008-12-31;KNEBV FH Equity;34831.0;3.0;;;0.0537;754700.0;754700.0;;;0.0553;;;;;0.0;115166.6667;41.7355;;;;;;-38.49;-33.39939
2009-12-31;2009-12-31;KNEBV FH Equity;33988.0;3.0;;;0.0501;755700.0;755700.0;;;0.0516;;0.0671;;;0.0;75550.0;43.8017;;;;;;23.45;100.6574
2010-12-31;2010-12-31;KNEBV FH Equity;33755.0;3.0;;;0.0453;755700.0;755700.0;;;0.0468;;0.0612;;;0.0;137972.7273;46.6942;;;;;;12.78;44.82491
2011-12-31;2011-12-31;KNEBV FH Equity;37542.0;3.0;;;0.0481;758200.0;758200.0;;;0.05;;0.0672;;;0.0;97312.5;47.9339;;0.0;0.0;;;-30.0;-1.386409
2012-12-31;2012-12-31;KNEBV FH Equity;39851.0;3.0;;;0.0414;758700.0;758700.0;;;0.043;;0.052;;;0.0;88411.1111;50.4132;;0.0;0.0;;;13.41;47.72931
2013-12-31;2013-12-31;KNEBV FH Equity;43298.0;3.0;;;0.0385;758700.0;758700.0;;;0.04;;0.0508;;;0.0;87400.0;53.71899999999999;;0.0;0.0;;;29.6;23.33769
2014-12-31;2014-12-31;KNEBV FH Equity;47064.0;3.0;;;0.0102;771500.0;771500.0;;;0.0106;;0.0132;;;2.0;90988.8889;53.3058;5.6667;0.0;0.0;;;11.39;19.11661
2015-12-31;2015-12-31;KNEBV FH Equity;49734.0;3.0;;;0.0265;750000.0;750000.0;;;0.0275;;0.034;;;0.0;93555.5556;52.0661;5.6667;0.0;0.0;;;-0.73;6.665789
2016-12-31;2016-12-31;KNEBV FH Equity;52152.0;3.0;;;0.0244;750000.0;750000.0;;;0.0254;;0.0315;;;0.0;107537.5;55.3719;5.6667;0.0;0.0;0.0;;9.54;12.47065
2017-12-31;2017-12-31;KNEBV FH Equity;55075.0;3.0;;;0.1302;750000.0;750000.0;;;0.1363;;0.1689;;;0.0;111875.0;55.3719;5.6667;0.0;0.0;0.0;;19.42;9.214315
2018-12-31;2018-12-31;KNEBV FH Equity;57359.0;3.0;;;0.0384;750000.0;1201500.0;;;0.0402;;0.1689;;;0.0;152262.5;54.1322;5.6667;0.0;0.0;0.0;;-6.24;-3.440595
2019-12-31;2019-12-31;KNEBV FH Equity;59825.0;3.0;;;0.0208;750000.0;750000.0;;;0.0217;;0.1689;;;0.0;114262.5;56.1983;5.6667;0.0;0.0;0.0;;28.88;45.32222
2005-12-31;2005-12-31;AI FP Equity;35900.0;;;;;;;;;;;;;;;;19.4215;;;;;;-30.3;22.51792
2006-12-31;2006-12-31;AI FP Equity;36900.0;3.0;;;;;;;;;;;;;;;43.3884;;;;;;13.62;24.6148
2007-12-31;2007-12-31;AI FP Equity;40300.0;4.0;;;0.0645;1009000.0;4466000.0;;;;;0.3165;;;1.0;47200.0;46.6942;;;;;;3.53;15.75775
2008-12-31;2008-12-31;AI FP Equity;43000.0;4.0;;;0.0574;1014000.0;4303000.0;;;0.0582;;0.2939;;;0.0;47333.3333;48.7603;;;;;;-38.49;-27.58952
2009-12-31;2009-12-31;AI FP Equity;42300.0;4.0;;;0.0687;1024000.0;4942000.0;;;0.0698;;0.3156;;;1.0;50454.5455;45.8678;;;;;;23.45;31.48563
2010-12-31;2010-12-31;AI FP Equity;43600.0;4.0;;;0.0395;1097000.0;3366000.0;;;0.0401;;0.1892;;;0.0;58181.8182;45.8678;;1.0;0.0;;;12.78;24.76531
2011-12-31;2011-12-31;AI FP Equity;46200.0;4.0;;;0.0455;1060000.0;3990000.0;;;0.0465;;0.2254;;;0.0;54666.6667;47.5207;;1.0;0.0;;;-30.0;3.47064
2012-12-31;2012-12-31;AI FP Equity;49500.0;4.0;;;0.0406;1080000.0;4057500.0;;;0.0414;;0.1964;;;1.0;60500.0;52.0661;;1.0;0.0;;;13.41;12.25558
2013-12-31;2013-12-31;AI FP Equity;50250.0;4.0;;9000.0;0.0436;1100000.0;4114800.0;;;0.0445;;0.2066;;;0.0;61700.0;54.5455;;1.0;0.0;;;29.6;10.97275
2014-12-31;2014-12-31;AI FP Equity;50300.0;4.0;;9000.0;0.0427;1100000.0;3903600.0;;;0.0434;;0.2091;;;0.0;70300.0;50.0;;1.0;0.0;0.0;;11.39;12.71242
2015-12-31;2015-12-31;AI FP Equity;51500.0;6.0;;9000.0;0.0378;1100000.0;4239450.0;;;0.0383;;0.1711;;;0.0;71000.0;56.1983;;1.0;0.0;0.0;;-0.73;2.993207
2016-12-31;2016-12-31;AI FP Equity;66700.0;4.0;;10000.0;0.0327;1175000.0;4235000.0;;;0.0331;;0.1362;;;0.0;78555.5556;57.0248;;1.0;0.0;0.0;;9.54;7.538914
2017-12-31;2017-12-31;AI FP Equity;65200.0;4.0;;10000.0;0.0234;1275000.0;3418000.0;;;0.0236;;0.0991;;0.0;0.0;72597.5401;57.0248;;1.0;0.0;0.0;;19.42;11.91663
2018-12-31;2018-12-31;AI FP Equity;66000.0;4.0;;10000.0;0.0217;1325000.0;3276000.0;;;0.022;;0.0936;;0.0;0.0;82298.9336;57.8512;;1.0;0.0;0.0;;-6.24;5.789768
2019-12-31;2019-12-31;AI FP Equity;67200.0;4.0;;10.0;0.0;1325.0;3331.0;;;0.022;;0.0001;;0.0;0.0;79619.6915;55.7851;;1.0;0.0;0.0;;28.88;31.00157
2005-12-31;2005-12-31;ENGI FP Equity;52958.0;;;;;;;;;;;;;;;;21.4876;;;;0.0;;-30.3;
2006-12-31;2006-12-31;ENGI FP Equity;50244.0;;;;;;;;;;;;;;;;22.7273;;;;0.0;;13.62;44.42533
2007-12-31;2007-12-31;ENGI FP Equity;47560.0;12.0;;;0.0046;327048.0;1264345.0;;;0.0046;;0.0243;;;0.0;;42.562;;;;0.0;;3.53;18.15343
2008-12-31;2008-12-31;ENGI FP Equity;200000.0;6.0;;;0.0107;1902669.0;4468442.0;;;0.0107;;0.0679;;;2.0;;48.3471;;;;0.0;;-38.49;-6.890274
2009-12-31;2009-12-31;ENGI FP Equity;200644.0;10.0;;;0.0105;1403227.0;5403088.0;;;0.0105;;0.0663;;;0.0;;49.5868;;;;0.0;;23.45;-7.262519
2010-12-31;2010-12-31;ENGI FP Equity;218350.0;10.0;;;0.0093;1405469.0;5346354.0;;;0.0094;;0.0603;;;0.0;;50.8264;;;;0.0;;12.78;-6.347366
2011-12-31;2011-12-31;ENGI FP Equity;218900.0;9.0;;;0.0083;1405469.0;4932619.0;;;0.0083;;0.0538;;;0.0;67584.4167;54.1322;;0.0;0.0;0.0;;-30.0;-16.01532
2012-12-31;2012-12-31;ENGI FP Equity;219330.0;11.0;;;0.0068;1405079.0;4846107.0;;;0.0068;;0.0471;;;0.0;55609.7143;54.1322;;0.0;0.0;0.0;;13.41;-20.00056
2013-12-31;2013-12-31;ENGI FP Equity;147199.0;10.0;;4533.0;0.0067;1400000.0;4840000.0;;;0.0067;;0.0554;;;0.0;72641.6667;53.3058;;0.0;0.0;0.0;;29.6;19.68999
2014-12-31;2014-12-31;ENGI FP Equity;152882.0;13.0;;4533.0;0.0067;1400000.0;3525032.0;;;0.0067;;0.048;;;1.0;82071.8889;52.0661;;0.0;0.0;0.0;;11.39;21.10706
2015-12-31;2015-12-31;ENGI FP Equity;154935.0;7.0;;4533.0;0.005;1400000.0;3369830.0;;;0.005;;0.0369;;;0.0;70729.9167;52.8926;;0.0;0.0;0.0;;-0.73;-10.73355
2016-12-31;2016-12-31;ENGI FP Equity;153090.0;8.0;;8109.0;0.0045;1443817.0;2242160.0;;;0.0045;;0.029;;;2.0;63974.2308;56.6116;;0.0;0.0;0.0;;9.54;-20.00647
2017-12-31;2017-12-31;ENGI FP Equity;155128.0;10.0;95.382;6012.0;0.004;1000000.0;1661187.0;0.0;1983.66;0.004;0.0;0.0233;0.0;0.0;0.0;75597.2069;55.3719;;0.0;0.0;0.0;;19.42;25.55499
2018-12-31;2018-12-31;ENGI FP Equity;160301.0;11.0;98.365;6012.0;0.0046;1000000.0;1754530.0;0.0;9.793;0.0046;0.0;0.0244;0.0;0.0;0.0;93758.5252;56.6116;;0.0;0.0;0.0;;-6.24;-7.764554
2019-12-31;2019-12-31;ENGI FP Equity;171103.0;7.0;95.775;6012.0;0.0039;1000000.0;1641760.0;0.0;2225.39;0.0039;0.0;0.0201;0.0;0.0;0.0;103977.2308;55.7851;;0.0;0.0;0.0;;28.88;21.68822
